Name,Id,Book,Author,Date
Masrafi,25,Engineering Book 28,Sarah Lee,2025-03-01 18:53:00
Jisan,19,Engineering Book 8,Sarah Lee,2025-03-05 05:00:00
Jisan,19,Engineering Book 83,Unknown Author,2025-03-05 08:51:00
Hasan,18,Engineering Book 94,Michael Johnson,2025-03-02 13:30:00
Haseb,10,Engineering Book 79,Sarah Lee,2025-03-05 22:49:00
Himel,5,Engineering Book 34,Sarah Lee,2025-03-08 05:41:00
Jafir,3,Engineering Book 99,Sarah Lee,2025-03-02 17:17:00
Rafshan,27,Engineering Book 39,Michael Johnson,2025-03-03 10:25:00
Hasan,18,Engineering Book 20,John Smith,2025-03-04 02:05:00
Hasan,18,Engineering Book 83,Sarah Lee,2025-03-01 12:53:00
Haseb,10,Engineering Book 59,Emily Carter,2025-03-05 13:36:00
Haseb,10,Engineering Book 30,Michael Johnson,2025-03-06 14:58:00
Fahim,1,Engineering Book 21,Emily Carter,2025-03-06 23:14:00
Jafir,3,Engineering Book 87,John Smith,2025-03-05 00:40:00
Himel,5,Engineering Book 22,Unknown Author,2025-03-06 22:55:00
Fahim,1,Engineering Book 38,Sarah Lee,2025-03-06 03:25:00
Hasan,18,Engineering Book 54,Emily Carter,2025-03-06 19:56:00
Jafir,3,Engineering Book 85,Unknown Author,2025-03-05 17:44:00
Fahim,1,Engineering Book 53,Michael Johnson,2025-03-03 18:19:00
Himel,5,Engineering Book 21,Unknown Author,2025-03-01 17:23:00
Rafshan,27,Engineering Book 8,John Smith,2025-03-07 16:36:00
Fahim,1,Engineering Book 71,Emily Carter,2025-03-06 20:52:00
Soron,26,Engineering Book 36,Sarah Lee,2025-03-05 23:58:00
Soron,26,Engineering Book 100,Michael Johnson,2025-03-02 03:39:00
Masrafi,25,Engineering Book 24,Unknown Author,2025-03-01 10:22:00
Soron,26,Engineering Book 29,Michael Johnson,2025-03-08 01:12:00
Soron,26,Engineering Book 57,Emily Carter,2025-03-07 16:54:00
Haseb,10,Engineering Book 91,Emily Carter,2025-03-03 05:30:00
Rafi,17,Engineering Book 93,Michael Johnson,2025-03-07 16:36:00
Fahim,1,Engineering Book 11,Emily Carter,2025-03-05 20:36:00
Jafir,3,Engineering Book 95,John Smith,2025-03-05 01:09:00
Jisan,19,Engineering Book 41,Michael Johnson,2025-03-05 17:24:00
Jisan,19,Engineering Book 56,Emily Carter,2025-03-06 03:58:00
Masrafi,25,Engineering Book 94,John Smith,2025-03-02 15:36:00
Jafir,3,Engineering Book 72,Unknown Author,2025-03-02 05:05:00
Fahim,1,Engineering Book 87,John Smith,2025-03-04 11:22:00
Fahim,1,Engineering Book 58,Sarah Lee,2025-03-01 16:40:00
Fahim,1,Engineering Book 56,John Smith,2025-03-02 12:03:00
Jafir,3,Engineering Book 16,Sarah Lee,2025-03-02 01:31:00
Rafi,17,Engineering Book 73,Michael Johnson,2025-03-02 18:48:00
Himel,5,Engineering Book 33,Sarah Lee,2025-03-07 04:31:00
Fahim,1,Engineering Book 98,Sarah Lee,2025-03-04 14:44:00
Soron,26,Engineering Book 40,Emily Carter,2025-03-08 00:14:00
Haseb,10,Engineering Book 21,Emily Carter,2025-03-06 09:32:00
Rafi,17,Engineering Book 17,Emily Carter,2025-03-07 16:51:00
Masrafi,25,Engineering Book 53,Michael Johnson,2025-03-04 02:56:00
Jafir,3,Engineering Book 43,John Smith,2025-03-06 10:55:00
Masrafi,25,Engineering Book 50,Emily Carter,2025-03-02 10:36:00
Hasan,18,Engineering Book 16,Emily Carter,2025-03-02 08:36:00
Soron,26,Engineering Book 81,Michael Johnson,2025-03-06 08:02:00
Jafir,3,Engineering Book 22,Michael Johnson,2025-03-07 13:04:00
Jisan,19,Engineering Book 22,Unknown Author,2025-03-03 05:49:00
Himel,5,Engineering Book 100,Unknown Author,2025-03-05 12:43:00
Rafshan,27,Engineering Book 89,Emily Carter,2025-03-05 08:45:00
Fahim,1,Engineering Book 83,Sarah Lee,2025-03-04 20:20:00
Jafir,3,Engineering Book 47,Michael Johnson,2025-03-04 08:00:00
Rafshan,27,Engineering Book 67,Unknown Author,2025-03-07 14:47:00
Hasan,18,Engineering Book 9,John Smith,2025-03-03 09:04:00
Jisan,19,Engineering Book 86,Michael Johnson,2025-03-03 15:33:00
Fahim,1,Engineering Book 87,Sarah Lee,2025-03-02 22:57:00
Himel,5,Engineering Book 96,Emily Carter,2025-03-04 03:44:00
Himel,5,Engineering Book 80,Michael Johnson,2025-03-05 08:59:00
Masrafi,25,Engineering Book 99,Unknown Author,2025-03-06 14:55:00
Rafi,17,Engineering Book 80,John Smith,2025-03-01 10:41:00
Himel,5,Engineering Book 26,Unknown Author,2025-03-03 02:54:00
Hasan,18,Engineering Book 23,Emily Carter,2025-03-02 18:23:00
Rafi,17,Engineering Book 30,John Smith,2025-03-01 12:51:00
Rafi,17,Engineering Book 82,Emily Carter,2025-03-04 12:30:00
Himel,5,Engineering Book 3,Sarah Lee,2025-03-05 15:10:00
Himel,5,Engineering Book 37,Michael Johnson,2025-03-06 19:18:00
Soron,26,Engineering Book 76,Unknown Author,2025-03-04 13:25:00
Fahim,1,Engineering Book 18,John Smith,2025-03-03 17:57:00
Hasan,18,Engineering Book 41,Sarah Lee,2025-03-05 14:43:00
Rafi,17,Engineering Book 41,Emily Carter,2025-03-01 13:57:00
Jisan,19,Engineering Book 36,Michael Johnson,2025-03-03 01:42:00
Rafshan,27,Engineering Book 30,Michael Johnson,2025-03-06 23:16:00
Fahim,1,Engineering Book 38,Sarah Lee,2025-03-05 09:15:00
Haseb,10,Engineering Book 38,Sarah Lee,2025-03-02 07:16:00
Fahim,1,Engineering Book 53,Michael Johnson,2025-03-07 03:17:00
Rafshan,27,Engineering Book 38,Unknown Author,2025-03-06 07:23:00
Fahim,1,Engineering Book 54,Michael Johnson,2025-03-07 02:21:00
Rafi,17,Engineering Book 51,Unknown Author,2025-03-06 13:08:00
Fahim,1,Engineering Book 55,Michael Johnson,2025-03-04 03:24:00
Haseb,10,Engineering Book 17,Michael Johnson,2025-03-04 07:23:00
Jisan,19,Engineering Book 16,Unknown Author,2025-03-06 11:28:00
Hasan,18,Engineering Book 66,Emily Carter,2025-03-04 11:22:00
Jisan,19,Engineering Book 97,Emily Carter,2025-03-01 10:01:00
Hasan,18,Engineering Book 95,Michael Johnson,2025-03-02 16:12:00
Masrafi,25,Engineering Book 35,Unknown Author,2025-03-06 20:29:00
Fahim,1,Engineering Book 3,Unknown Author,2025-03-04 02:24:00
Hasan,18,Engineering Book 64,Unknown Author,2025-03-04 00:50:00
Himel,5,Engineering Book 82,Michael Johnson,2025-03-01 20:28:00
Himel,5,Engineering Book 20,Unknown Author,2025-03-07 14:37:00
Haseb,10,Engineering Book 78,Emily Carter,2025-03-07 04:54:00
Haseb,10,Engineering Book 64,Michael Johnson,2025-03-08 05:12:00
Hasan,18,Engineering Book 46,John Smith,2025-03-06 21:51:00
Hasan,18,Engineering Book 15,John Smith,2025-03-03 04:07:00
Jafir,3,Engineering Book 27,Emily Carter,2025-03-03 14:41:00
Masrafi,25,Engineering Book 34,Michael Johnson,2025-03-06 07:53:00
Fahim,1,Engineering Book 26,John Smith,2025-03-04 05:03:00
Himel,5,Engineering Book 48,Unknown Author,2025-03-06 02:23:00
Fahim,1,Engineering Book 58,John Smith,2025-03-05 16:19:00
Haseb,10,Engineering Book 19,John Smith,2025-03-08 04:13:00
Masrafi,25,Engineering Book 19,Emily Carter,2025-03-07 23:40:00
Haseb,10,Engineering Book 2,John Smith,2025-03-06 09:47:00
Hasan,18,Engineering Book 85,Michael Johnson,2025-03-06 13:07:00
Hasan,18,Engineering Book 45,Sarah Lee,2025-03-06 05:12:00
Masrafi,25,Engineering Book 73,Michael Johnson,2025-03-04 21:40:00
Himel,5,Engineering Book 22,Michael Johnson,2025-03-01 15:35:00
Fahim,1,Engineering Book 55,John Smith,2025-03-03 22:58:00
Soron,26,Engineering Book 64,Unknown Author,2025-03-03 21:21:00
Fahim,1,Engineering Book 64,Unknown Author,2025-03-02 19:50:00
Haseb,10,Engineering Book 91,Emily Carter,2025-03-03 01:38:00
Hasan,18,Engineering Book 50,Unknown Author,2025-03-07 11:26:00
Himel,5,Engineering Book 14,John Smith,2025-03-01 16:05:00
Rafi,17,Engineering Book 5,Sarah Lee,2025-03-01 20:02:00
Rafi,17,Engineering Book 26,Michael Johnson,2025-03-02 13:22:00
Himel,5,Engineering Book 65,Michael Johnson,2025-03-04 15:20:00
Himel,5,Engineering Book 18,Unknown Author,2025-03-04 19:14:00
Himel,5,Engineering Book 5,Sarah Lee,2025-03-01 16:21:00
Jisan,19,Engineering Book 15,Emily Carter,2025-03-08 01:41:00
Haseb,10,Engineering Book 68,Emily Carter,2025-03-07 08:38:00
Himel,5,Engineering Book 22,Emily Carter,2025-03-08 04:09:00
Haseb,10,Engineering Book 100,Sarah Lee,2025-03-06 22:21:00
Himel,5,Engineering Book 19,Emily Carter,2025-03-07 09:31:00
Himel,5,Engineering Book 32,Emily Carter,2025-03-05 16:03:00
Rafshan,27,Engineering Book 75,John Smith,2025-03-02 12:49:00
Rafi,17,Engineering Book 31,John Smith,2025-03-01 15:39:00
Rafshan,27,Engineering Book 63,Michael Johnson,2025-03-03 18:03:00
Jafir,3,Engineering Book 73,John Smith,2025-03-02 06:09:00
Jisan,19,Engineering Book 47,Michael Johnson,2025-03-08 06:10:00
Jafir,3,Engineering Book 96,Sarah Lee,2025-03-06 17:37:00
Haseb,10,Engineering Book 83,Michael Johnson,2025-03-03 00:06:00
Haseb,10,Engineering Book 29,Emily Carter,2025-03-06 08:47:00
Fahim,1,Engineering Book 48,Michael Johnson,2025-03-07 20:40:00
Jafir,3,Engineering Book 47,Michael Johnson,2025-03-05 16:55:00
Haseb,10,Engineering Book 17,Unknown Author,2025-03-05 18:44:00
Rafi,17,Engineering Book 78,Sarah Lee,2025-03-05 15:44:00
Jisan,19,Engineering Book 42,Unknown Author,2025-03-06 21:55:00
Hasan,18,Engineering Book 34,Michael Johnson,2025-03-06 08:53:00
Rafi,17,Engineering Book 78,Michael Johnson,2025-03-05 17:56:00
Hasan,18,Engineering Book 12,Sarah Lee,2025-03-02 15:54:00
Hasan,18,Engineering Book 84,Unknown Author,2025-03-07 11:34:00
Himel,5,Engineering Book 70,John Smith,2025-03-07 07:18:00
Rafi,17,Engineering Book 91,Sarah Lee,2025-03-04 23:17:00
Haseb,10,Engineering Book 43,Sarah Lee,2025-03-06 00:14:00
Rafshan,27,Engineering Book 74,Unknown Author,2025-03-05 09:07:00
Hasan,18,Engineering Book 51,John Smith,2025-03-05 19:05:00
Hasan,18,Engineering Book 46,Michael Johnson,2025-03-05 00:56:00
Jisan,19,Engineering Book 19,John Smith,2025-03-05 10:16:00
Haseb,10,Engineering Book 99,Michael Johnson,2025-03-02 23:31:00
Fahim,1,Engineering Book 94,Sarah Lee,2025-03-04 08:35:00
Fahim,1,Engineering Book 83,Sarah Lee,2025-03-05 09:17:00
Fahim,1,Engineering Book 12,Sarah Lee,2025-03-02 03:33:00
Masrafi,25,Engineering Book 78,Sarah Lee,2025-03-03 15:33:00
Rafshan,27,Engineering Book 24,Unknown Author,2025-03-03 02:48:00
Rafi,17,Engineering Book 100,Michael Johnson,2025-03-04 13:40:00
Haseb,10,Engineering Book 74,Michael Johnson,2025-03-02 15:08:00
Masrafi,25,Engineering Book 56,Unknown Author,2025-03-04 06:12:00
Haseb,10,Engineering Book 65,Emily Carter,2025-03-03 20:58:00
Soron,26,Engineering Book 21,John Smith,2025-03-02 21:47:00
Hasan,18,Engineering Book 36,Sarah Lee,2025-03-02 20:08:00
Rafi,17,Engineering Book 54,Sarah Lee,2025-03-02 06:07:00
Himel,5,Engineering Book 82,Emily Carter,2025-03-01 23:41:00
Himel,5,Engineering Book 49,Michael Johnson,2025-03-02 02:19:00
Fahim,1,Engineering Book 82,Sarah Lee,2025-03-02 03:37:00
Rafi,17,Engineering Book 27,Emily Carter,2025-03-05 08:04:00
Jafir,3,Engineering Book 59,John Smith,2025-03-04 13:06:00
Rafi,17,Engineering Book 41,John Smith,2025-03-07 15:42:00
Himel,5,Engineering Book 55,Michael Johnson,2025-03-04 03:09:00
Haseb,10,Engineering Book 20,Unknown Author,2025-03-07 20:55:00
Soron,26,Engineering Book 64,Michael Johnson,2025-03-06 05:36:00
Rafshan,27,Engineering Book 47,Emily Carter,2025-03-06 21:54:00
Soron,26,Engineering Book 48,Emily Carter,2025-03-06 04:52:00
Hasan,18,Engineering Book 100,Sarah Lee,2025-03-07 15:54:00
Jisan,19,Engineering Book 25,Unknown Author,2025-03-05 10:27:00
Himel,5,Engineering Book 78,Sarah Lee,2025-03-05 20:08:00
Jisan,19,Engineering Book 21,Unknown Author,2025-03-07 02:37:00
Haseb,10,Engineering Book 92,Emily Carter,2025-03-02 21:47:00
Rafi,17,Engineering Book 3,Emily Carter,2025-03-05 19:30:00
Jisan,19,Engineering Book 20,Emily Carter,2025-03-02 11:22:00
Jafir,3,Engineering Book 20,Emily Carter,2025-03-05 09:51:00
Fahim,1,Engineering Book 9,Unknown Author,2025-03-05 06:33:00
Rafshan,27,Engineering Book 71,Michael Johnson,2025-03-07 06:30:00
Jisan,19,Engineering Book 16,Emily Carter,2025-03-01 15:36:00
Jisan,19,Engineering Book 98,Sarah Lee,2025-03-03 21:33:00
Soron,26,Engineering Book 55,Sarah Lee,2025-03-05 22:13:00
Jisan,19,Engineering Book 29,Michael Johnson,2025-03-07 09:16:00
Himel,5,Engineering Book 100,Unknown Author,2025-03-06 07:02:00
Soron,26,Engineering Book 58,John Smith,2025-03-05 00:05:00
Jisan,19,Engineering Book 96,Michael Johnson,2025-03-04 00:27:00
Masrafi,25,Engineering Book 18,John Smith,2025-03-05 20:54:00
Rafi,17,Engineering Book 85,Sarah Lee,2025-03-06 23:31:00
Haseb,10,Engineering Book 26,Unknown Author,2025-03-02 11:47:00
Masrafi,25,Engineering Book 47,Michael Johnson,2025-03-07 18:51:00
Fahim,1,Engineering Book 1,John Smith,2025-03-01 23:11:00
Hasan,18,Engineering Book 65,Unknown Author,2025-03-05 10:36:00
Haseb,10,Engineering Book 20,Emily Carter,2025-03-02 12:30:00
Masrafi,25,Engineering Book 35,Michael Johnson,2025-03-02 04:04:00
Rafi,17,Engineering Book 4,Sarah Lee,2025-03-01 16:19:00
Jisan,19,Engineering Book 52,John Smith,2025-03-04 17:23:00
Jafir,3,Engineering Book 59,Emily Carter,2025-03-03 23:32:00
Haseb,10,Engineering Book 3,John Smith,2025-03-02 15:54:00
Masrafi,25,Engineering Book 14,Emily Carter,2025-03-07 18:45:00
Rafi,17,Engineering Book 38,John Smith,2025-03-05 15:21:00
Masrafi,25,Engineering Book 45,Emily Carter,2025-03-04 00:41:00
Fahim,1,Engineering Book 92,Michael Johnson,2025-03-05 04:27:00
Himel,5,Engineering Book 55,Sarah Lee,2025-03-05 22:41:00
Hasan,18,Engineering Book 66,Sarah Lee,2025-03-06 18:32:00
Masrafi,25,Engineering Book 96,Sarah Lee,2025-03-03 11:44:00
Fahim,1,Engineering Book 96,Michael Johnson,2025-03-05 17:41:00
Rafi,17,Engineering Book 33,Unknown Author,2025-03-08 00:25:00
Masrafi,25,Engineering Book 2,Emily Carter,2025-03-05 18:02:00
Himel,5,Engineering Book 7,Michael Johnson,2025-03-05 06:32:00
Soron,26,Engineering Book 67,Sarah Lee,2025-03-07 21:34:00
Haseb,10,Engineering Book 14,Emily Carter,2025-03-02 17:13:00
Rafshan,27,Engineering Book 72,Unknown Author,2025-03-02 01:41:00
Masrafi,25,Engineering Book 81,John Smith,2025-03-02 19:36:00
Rafi,17,Engineering Book 16,Emily Carter,2025-03-06 13:23:00
Haseb,10,Engineering Book 5,Sarah Lee,2025-03-01 12:59:00
Fahim,1,Engineering Book 74,Sarah Lee,2025-03-07 22:51:00
Masrafi,25,Engineering Book 73,Michael Johnson,2025-03-03 12:09:00
Fahim,1,Engineering Book 99,Michael Johnson,2025-03-07 02:54:00
Masrafi,25,Engineering Book 65,Michael Johnson,2025-03-07 22:20:00
Jafir,3,Engineering Book 22,Michael Johnson,2025-03-02 12:14:00
Jisan,19,Engineering Book 35,John Smith,2025-03-02 21:11:00
Jisan,19,Engineering Book 96,Michael Johnson,2025-03-02 19:24:00
Hasan,18,Engineering Book 59,Michael Johnson,2025-03-03 01:40:00
Fahim,1,Engineering Book 66,Michael Johnson,2025-03-04 16:53:00
Jafir,3,Engineering Book 28,Sarah Lee,2025-03-07 09:40:00
Jisan,19,Engineering Book 58,Unknown Author,2025-03-04 21:48:00
Jafir,3,Engineering Book 13,Michael Johnson,2025-03-03 13:08:00
Himel,5,Engineering Book 50,Sarah Lee,2025-03-04 23:51:00
Rafi,17,Engineering Book 23,Emily Carter,2025-03-07 03:00:00
Hasan,18,Engineering Book 65,Sarah Lee,2025-03-05 21:38:00
Haseb,10,Engineering Book 35,Emily Carter,2025-03-06 22:31:00
Rafi,17,Engineering Book 93,John Smith,2025-03-02 01:45:00
Jafir,3,Engineering Book 99,John Smith,2025-03-05 19:50:00
Rafshan,27,Engineering Book 80,John Smith,2025-03-08 07:17:00
Himel,5,Engineering Book 60,Unknown Author,2025-03-07 14:14:00
Rafshan,27,Engineering Book 77,John Smith,2025-03-04 23:14:00
Masrafi,25,Engineering Book 85,Unknown Author,2025-03-02 13:33:00
Hasan,18,Engineering Book 71,Sarah Lee,2025-03-05 18:20:00
Fahim,1,Engineering Book 78,John Smith,2025-03-02 05:26:00
Himel,5,Engineering Book 62,Michael Johnson,2025-03-04 08:00:00
Jisan,19,Engineering Book 5,Emily Carter,2025-03-06 20:46:00
Haseb,10,Engineering Book 10,Sarah Lee,2025-03-04 06:10:00
Haseb,10,Engineering Book 36,Michael Johnson,2025-03-05 06:00:00
Rafshan,27,Engineering Book 21,Sarah Lee,2025-03-03 14:41:00
Haseb,10,Engineering Book 24,Emily Carter,2025-03-05 04:07:00
Hasan,18,Engineering Book 5,Michael Johnson,2025-03-03 10:26:00
Soron,26,Engineering Book 48,John Smith,2025-03-08 02:29:00
Hasan,18,Engineering Book 38,Sarah Lee,2025-03-06 17:59:00
Soron,26,Engineering Book 16,Sarah Lee,2025-03-01 13:52:00
Himel,5,Engineering Book 13,Michael Johnson,2025-03-02 07:51:00
Haseb,10,Engineering Book 45,Sarah Lee,2025-03-06 23:25:00
Hasan,18,Engineering Book 36,John Smith,2025-03-03 22:42:00
Masrafi,25,Engineering Book 94,John Smith,2025-03-08 06:51:00
Masrafi,25,Engineering Book 56,Emily Carter,2025-03-02 22:24:00
Himel,5,Engineering Book 15,Unknown Author,2025-03-01 13:39:00
Soron,26,Engineering Book 86,Michael Johnson,2025-03-03 05:07:00
Rafshan,27,Engineering Book 58,Emily Carter,2025-03-05 09:05:00
Haseb,10,Engineering Book 44,Emily Carter,2025-03-03 05:19:00
Jisan,19,Engineering Book 5,Sarah Lee,2025-03-01 14:06:00
Soron,26,Engineering Book 72,Emily Carter,2025-03-02 02:05:00
Haseb,10,Engineering Book 16,Unknown Author,2025-03-04 10:28:00
Hasan,18,Engineering Book 94,Sarah Lee,2025-03-07 06:34:00
Rafi,17,Engineering Book 65,Michael Johnson,2025-03-03 04:35:00
Fahim,1,Engineering Book 61,Sarah Lee,2025-03-02 10:36:00
Jafir,3,Engineering Book 11,John Smith,2025-03-03 02:20:00
Hasan,18,Engineering Book 86,Sarah Lee,2025-03-07 13:39:00
Rafshan,27,Engineering Book 22,Unknown Author,2025-03-02 20:58:00
Himel,5,Engineering Book 3,Unknown Author,2025-03-04 21:56:00
Jisan,19,Engineering Book 24,Emily Carter,2025-03-01 20:54:00
Rafi,17,Engineering Book 50,Michael Johnson,2025-03-05 00:47:00
Himel,5,Engineering Book 42,Sarah Lee,2025-03-06 23:24:00
Jafir,3,Engineering Book 9,Emily Carter,2025-03-07 01:56:00
Jisan,19,Engineering Book 100,Sarah Lee,2025-03-04 08:56:00
Himel,5,Engineering Book 54,John Smith,2025-03-05 18:12:00
Rafi,17,Engineering Book 34,John Smith,2025-03-07 20:42:00
Fahim,1,Engineering Book 90,John Smith,2025-03-03 13:20:00
Himel,5,Engineering Book 59,Sarah Lee,2025-03-06 20:54:00
Haseb,10,Engineering Book 38,Emily Carter,2025-03-03 10:24:00
Fahim,1,Engineering Book 89,John Smith,2025-03-05 08:36:00
Rafshan,27,Engineering Book 8,Michael Johnson,2025-03-06 17:19:00
Jafir,3,Engineering Book 95,Emily Carter,2025-03-03 12:51:00
Haseb,10,Engineering Book 26,Unknown Author,2025-03-03 13:03:00
Hasan,18,Engineering Book 34,Unknown Author,2025-03-03 06:10:00
Rafi,17,Engineering Book 35,Unknown Author,2025-03-07 23:20:00
Rafshan,27,Engineering Book 15,Sarah Lee,2025-03-04 16:19:00
Rafi,17,Engineering Book 7,Emily Carter,2025-03-05 11:14:00
Rafi,17,Engineering Book 5,Michael Johnson,2025-03-02 00:06:00
Rafshan,27,Engineering Book 73,Unknown Author,2025-03-07 20:58:00
Jafir,3,Engineering Book 48,Michael Johnson,2025-03-07 20:42:00
Haseb,10,Engineering Book 62,Sarah Lee,2025-03-01 17:10:00
Himel,5,Engineering Book 95,Sarah Lee,2025-03-02 02:01:00
Jisan,19,Engineering Book 20,Unknown Author,2025-03-07 05:41:00
Jafir,3,Engineering Book 46,Unknown Author,2025-03-08 04:45:00
Jafir,3,Engineering Book 13,Unknown Author,2025-03-07 13:15:00
Himel,5,Engineering Book 85,Unknown Author,2025-03-06 19:55:00
Jisan,19,Engineering Book 25,Michael Johnson,2025-03-06 00:28:00
Jisan,19,Engineering Book 22,John Smith,2025-03-03 11:41:00
Masrafi,25,Engineering Book 5,John Smith,2025-03-03 00:04:00
Rafi,17,Engineering Book 74,Emily Carter,2025-03-03 14:55:00
Jafir,3,Engineering Book 65,Michael Johnson,2025-03-06 15:28:00
Himel,5,Engineering Book 42,Michael Johnson,2025-03-07 02:21:00
Masrafi,25,Engineering Book 37,Unknown Author,2025-03-02 06:07:00
Hasan,18,Engineering Book 79,Sarah Lee,2025-03-02 11:45:00
Soron,26,Engineering Book 57,John Smith,2025-03-07 05:34:00
Haseb,10,Engineering Book 46,Unknown Author,2025-03-02 23:40:00
Soron,26,Engineering Book 81,John Smith,2025-03-02 12:19:00
Jisan,19,Engineering Book 60,Unknown Author,2025-03-06 12:48:00
Fahim,1,Engineering Book 5,Michael Johnson,2025-03-06 04:50:00
Rafi,17,Engineering Book 87,Sarah Lee,2025-03-07 22:09:00
Masrafi,25,Engineering Book 96,Michael Johnson,2025-03-01 21:12:00
Haseb,10,Engineering Book 55,Unknown Author,2025-03-02 18:02:00
Soron,26,Engineering Book 63,Unknown Author,2025-03-03 05:45:00
Rafi,17,Engineering Book 83,Sarah Lee,2025-03-02 14:00:00
Haseb,10,Engineering Book 50,Emily Carter,2025-03-05 15:09:00
Soron,26,Engineering Book 51,Unknown Author,2025-03-06 13:46:00
Jisan,19,Engineering Book 19,Emily Carter,2025-03-03 00:52:00
Rafshan,27,Engineering Book 54,John Smith,2025-03-07 11:36:00
Rafi,17,Engineering Book 52,Michael Johnson,2025-03-06 10:45:00
Masrafi,25,Engineering Book 93,Michael Johnson,2025-03-07 08:58:00
Jafir,3,Engineering Book 23,Sarah Lee,2025-03-02 08:18:00
Masrafi,25,Engineering Book 12,Michael Johnson,2025-03-03 12:31:00
Himel,5,Engineering Book 25,Sarah Lee,2025-03-02 16:45:00
Rafshan,27,Engineering Book 67,Unknown Author,2025-03-08 05:06:00
Masrafi,25,Engineering Book 52,Unknown Author,2025-03-04 06:40:00
Soron,26,Engineering Book 7,Emily Carter,2025-03-08 04:33:00
Hasan,18,Engineering Book 83,Unknown Author,2025-03-04 22:36:00
Rafi,17,Engineering Book 76,Michael Johnson,2025-03-07 17:58:00
Himel,5,Engineering Book 13,Michael Johnson,2025-03-02 22:40:00
Hasan,18,Engineering Book 7,Michael Johnson,2025-03-05 22:42:00
Haseb,10,Engineering Book 8,John Smith,2025-03-04 04:06:00
Jafir,3,Engineering Book 90,Emily Carter,2025-03-07 23:20:00
Masrafi,25,Engineering Book 96,Sarah Lee,2025-03-07 20:44:00
Fahim,1,Engineering Book 97,Unknown Author,2025-03-08 01:36:00
Rafshan,27,Engineering Book 75,Unknown Author,2025-03-02 08:26:00
Rafshan,27,Engineering Book 22,Sarah Lee,2025-03-02 04:35:00
Rafshan,27,Engineering Book 84,Michael Johnson,2025-03-03 21:11:00
Masrafi,25,Engineering Book 23,Unknown Author,2025-03-06 03:43:00
Jisan,19,Engineering Book 29,Sarah Lee,2025-03-01 13:33:00
Soron,26,Engineering Book 69,Emily Carter,2025-03-01 14:52:00
Jisan,19,Engineering Book 18,Emily Carter,2025-03-02 10:57:00
Haseb,10,Engineering Book 35,Emily Carter,2025-03-07 04:50:00
Soron,26,Engineering Book 33,Sarah Lee,2025-03-02 23:31:00
Jisan,19,Engineering Book 92,Michael Johnson,2025-03-07 02:35:00
Fahim,1,Engineering Book 20,Emily Carter,2025-03-05 12:05:00
Masrafi,25,Engineering Book 63,John Smith,2025-03-02 02:09:00
Masrafi,25,Engineering Book 27,Michael Johnson,2025-03-04 22:56:00
Jafir,3,Engineering Book 92,John Smith,2025-03-07 12:29:00
Rafshan,27,Engineering Book 19,Michael Johnson,2025-03-03 05:42:00
Jafir,3,Engineering Book 30,Emily Carter,2025-03-01 09:42:00
Rafshan,27,Engineering Book 75,John Smith,2025-03-03 18:52:00
Rafi,17,Engineering Book 6,Emily Carter,2025-03-06 02:18:00
Rafshan,27,Engineering Book 12,Emily Carter,2025-03-05 05:48:00
Jisan,19,Engineering Book 26,Emily Carter,2025-03-02 23:39:00
Rafshan,27,Engineering Book 44,Emily Carter,2025-03-07 06:54:00
Himel,5,Engineering Book 36,John Smith,2025-03-03 13:48:00
Haseb,10,Engineering Book 54,Unknown Author,2025-03-07 10:50:00
Fahim,1,Engineering Book 95,Unknown Author,2025-03-02 05:36:00
Hasan,18,Engineering Book 47,Unknown Author,2025-03-05 15:27:00
Hasan,18,Engineering Book 54,Emily Carter,2025-03-01 13:46:00
Himel,5,Engineering Book 90,John Smith,2025-03-02 03:43:00
Rafi,17,Engineering Book 44,Michael Johnson,2025-03-07 06:04:00
Jafir,3,Engineering Book 70,Sarah Lee,2025-03-06 22:52:00
Jisan,19,Engineering Book 26,John Smith,2025-03-07 17:48:00
Soron,26,Engineering Book 57,Michael Johnson,2025-03-02 04:30:00
Jisan,19,Engineering Book 89,Michael Johnson,2025-03-02 19:34:00
Himel,5,Engineering Book 24,Emily Carter,2025-03-05 09:42:00
Fahim,1,Engineering Book 63,Sarah Lee,2025-03-07 05:23:00
Soron,26,Engineering Book 41,Unknown Author,2025-03-05 13:43:00
Haseb,10,Engineering Book 68,Michael Johnson,2025-03-06 06:02:00
Jafir,3,Engineering Book 76,Emily Carter,2025-03-02 07:38:00
Masrafi,25,Engineering Book 30,Emily Carter,2025-03-02 09:15:00
Hasan,18,Engineering Book 18,Michael Johnson,2025-03-05 20:24:00
Haseb,10,Engineering Book 48,Michael Johnson,2025-03-02 10:18:00
Rafshan,27,Engineering Book 18,Emily Carter,2025-03-04 00:30:00
Himel,5,Engineering Book 36,Michael Johnson,2025-03-06 09:03:00
Rafshan,27,Engineering Book 17,Sarah Lee,2025-03-05 07:00:00
Jisan,19,Engineering Book 70,Sarah Lee,2025-03-02 19:13:00
Rafi,17,Engineering Book 55,Michael Johnson,2025-03-07 20:20:00
Jafir,3,Engineering Book 85,Michael Johnson,2025-03-05 00:50:00
Masrafi,25,Engineering Book 22,John Smith,2025-03-05 11:07:00
Haseb,10,Engineering Book 77,Sarah Lee,2025-03-02 18:22:00
Haseb,10,Engineering Book 94,John Smith,2025-03-07 00:48:00
Hasan,18,Engineering Book 23,John Smith,2025-03-02 14:46:00
Rafshan,27,Engineering Book 7,Unknown Author,2025-03-04 03:39:00
Fahim,1,Engineering Book 91,Sarah Lee,2025-03-04 02:42:00
Hasan,18,Engineering Book 30,John Smith,2025-03-03 18:06:00
Soron,26,Engineering Book 78,John Smith,2025-03-06 19:41:00
Jafir,3,Engineering Book 65,Emily Carter,2025-03-08 03:50:00
Jafir,3,Engineering Book 11,Emily Carter,2025-03-01 14:26:00
Masrafi,25,Engineering Book 12,John Smith,2025-03-03 04:08:00
Jisan,19,Engineering Book 26,John Smith,2025-03-01 21:35:00
Hasan,18,Engineering Book 34,Unknown Author,2025-03-06 12:19:00
Rafi,17,Engineering Book 89,Sarah Lee,2025-03-01 13:38:00
Himel,5,Engineering Book 59,Emily Carter,2025-03-05 04:10:00
Himel,5,Engineering Book 59,Unknown Author,2025-03-03 03:00:00
Fahim,1,Engineering Book 3,Unknown Author,2025-04-01 18:19:16
